Book Title,Topic,Description,Notes,Classification,Năm,BookPublisher,,Location,Author,Số lượng bản 
N'Những kỷ lục thế giới / Nguyễn Trung Anh, Ngô Được, Phạm Viên Phương biên dịch',N'Thế giới - Kỷ lục',N'266 tr; 28cm',N'Giới thiệu các kỷ lục thế giới về: con người, thế giới tự nhiên, thế giới hiện đại, thế giới thực dụng, những kỳ công kiến tạo, khoa học và công nghệ, âm nhạc và giải trí, thể thao, nghệ thuật.',N'A',2004,N'Hà Nội: Văn hóa thông tin',,N'Phòng mượn sách tham khảo (P.102)',Nguyễn Trung Anh, Ngô Được, Phạm Viên Phương,2
N'Chuyện lạ đó đây / Lưu Thị Xuân Thuỷ sưu tầm và tuyển chọn',NULL,N'637 tr.; 19cm',NULL,N'A',2001,N'Hà Nội: Thanh niên',,N'Phòng mượn sách tham khảo (P.102)',Lưu Thị Xuân Thuỷ,4
N'Tri thức thế giới : bạn có thể là nhà vô tuyến điện tài tử / Lưu Văn Hy và nhóm Trí Tri biên soạn',N'Tri thức',N'234 tr.; 19cm',NULL,N'A',2003,N'Hà Nội : Văn hoá thông tin',,N'Phòng đọc chuyên ngành A-P (P.402)',Lưu Văn Hy,2
N'The American spectrum encyclopedia : the new illustrated home reference guide / Michael D. Harkavy, editor-in-chief.',N'Encyclopedias and dictionaries.',N'1312 p. : ill. (some col.), col. maps; 29 cm.',N'A concise, general-subject encyclopedia with color and black-and-white illustrations, maps, and charts.',N'A',1991,N'New York : American Booksellers Association : Spectrum Database Pub. : Distributed to the trade by Booksellers Order Service, c1991.',,N'Phòng đọc chuyên ngành A-P (P.402)',Michael D. Harkavy,3
N'Đại cương lịch sử triết học / Đoàn Quang Thọ, Phạm Văn Sinh (chủ biên)',N'Lịch sử - Triết học',N'263 tr.; 19 cm.',NULL,N'B',1997,N'Hà Nội : Thống kê',,N'Phòng đọc chuyên ngành A-P (P.402)',Đoàn Quang Thọ, Phạm Văn Sinh,1
N'Lịch sử triết học Phương Đông. Tập 1, Trung Hoa thời kỳ khởi điểm của triết học: (Thời đại Tây Chu và Đông Chu) / Nguyễn Đăng Thục',N'Triết học -- Lịch sử',N'411 tr. ; 19 cm.',N'Giới thiệu về lịch sử triết học phương Đông (đặc biệt là Trung Hoa) qua các thời kỳ và đặc điểm phát triển của từng giai đoạn.',N'B',1991,N'T.P. Hồ Chí Minh : Nxb. T.P. Hồ Chí Minh',,N'Phòng đọc chuyên ngành A-P (P.402)',Nguyễn Đăng Thục,1
N'Lịch sử triết học Phương Đông. Tập 2, Trung Hoa thời kỳ hoàn thành của triết học: (Từ Chiến Quốc đến Tiến Hán)',N'Triết học -- Lịch sử',N'457 tr. ; 19 cm.',N'Giới thiệu về thời đại chiến quốc: Môn đệ của Khổng tử; Triết lý đại học trung-dung; Triết lý nhân sinh của Mạnh Tử; Luân lý của Mạnh Tử; Triết học chính trị của Mạnh Tử; Tâm linh thần bí; Mạnh Tử với các trào lưu tư tưởng đương thời; Danh học; Công Tôn Long; Triết lý ở đạo đức kinh-lão tử thần bí; Trang Tử với lão học hoàn thành; Triết học của Trang Tử; Vũ trụ quan và nhân sinh quan Tuân Tử; Triết học chính trị của Tuân Tử; Pháp học; Pháp gia với đạo gia;',N'B',1991,N'T.P. Hồ Chí Minh : Nxb. T.P. Hồ Chí Minh',,N'Phòng đọc chuyên ngành A-P (P.402)',Nguyễn Đăng Thục,1
N'Lịch sử triết học Phương Đông. Tập 3, Ấn Độ từ phật đà tới phật nguyên thuỷ ',N'Triết học -- Lịch sử',N'310 tr. ; 19 cm.',N'Lịch sử triết học Ấn Độ. Giao thời Brahmana. Triết học Upanisad. Nhân sinh quan. Thời đại Bà La Môn-Phật. Phật học nguyên thuỷ. Tâm lý học về ngã. Luân lý học Phật giáo.',N'B',1991,N'T.P. Hồ Chí Minh : Nxb. T.P. Hồ Chí Minh',,N'Phòng đọc chuyên ngành A-P (P.402)',Nguyễn Đăng Thục,1
N'Khái lược lịch sử triết học / Bùi Thị Thanh Hương, Nguyễn Văn Đại',N'Lịch sử triết học',N'254 tr.; 21 cm.',N'Gồm 4 phần: Triết học Ấn Độ và Trung Quốc cổ, trung đại; Lịch sử triết học phương tây; Sự ra đời và phát triển của triết học Mác-Lênin; Lịch sử tư tưởng triết học Việt Nam.',N'B',2013,N'H.: Chính trị -Hành Chính',,N'Phòng đọc chuyên ngành A-P (P.402',Bùi Thị Thanh Hương,1
N'Bách khoa thư các nền văn hoá thế giới = Encyclopedia of World Cultures',N'Thế giới -- Bách khoa thư -- Văn hoá',N'1779 tr. ; 27 cm.',N'Giới thiệu các nền văn hoá có ảnh hưởng lớn có nhiều thành tựu trên thế giới, các nền văn hoá phát triển rực rỡ trong quá khứ có ảnh hưởng tới các nền văn hoá khác.',N'C',2003,N'Hà Nội : Văn hoá Thông ti',,N'Phòng đọc chuyên ngành A-P (P.402)',Phạm Minh Thảo, Nguyễn Kim Loan,3
N'Lịch sử văn minh Thế giới / Vũ Dương Ninh chủ biên...[và những người khác]',N'Thế giới -- Văn minh -- Lịch sử',N'372 tr. ; 20 cm.',N'Giới thiệu về: văn minh Bắc Phi và Tây Á; Văn minh Ấn Độ, Trung Quốc; Văn minh khu vực Đông Nam Á; Văn minh Hy Lạp và La Mã cổ đại; Văn minh Tây Âu thời trung đại; Sự xuất hiện văn minh công nghiệp; Văn minh thế giới thế kỷ XX.',N'C',2000,N'Hà Nội : Giáo dục',,N'Phòng đọc chuyên ngành A-P (P.402)',Vũ Dương Ninh,1
N'Những phát hiện mới về khảo cổ học năm 2001 ',N'Khảo cổ học ',N'900 tr. ; 27 cm.',N'Hoạt động khảo cổ học năm 2001. Hoạt động của trung tâm nghiên cứu khảo cổ học ở miền Nam năm 2001. Giới thiệu về một số trung tâm nghiên cứu khảo cổ học, các phát hiện khảo cổ học ở các tỉnh.',N'C',2002,N'Hà Nội : Khoa học xã hội',,N'Phòng đọc chuyên ngành A-P (P.402)',Trung tâm khoa học xã hội và nhân văn quốc gia. Viện khảo cổ học,2
N'Năm trăm năm lịch Việt Nam (1544 - 2043) / Lê Thành Lân',N'Lịch -- Việt Nam',N'1030 tr.; 24 cm.',N'Giới thiệu chung về lịch và lịch Việt Nam. Lịch Việt Nam từ 1544 đến 2043, niên biểu lịch sử Việt Nam. Các lịch vĩnh cửu và ngày tiết khí của 100 năm (1944-2043).',N'C',2010,N'Hà Nội : Nxb. Hà Nội',,N'Phòng đọc chuyên ngành A-P (P.402)',Lê Thành Lân,1
N'Chiến tranh và hoà bình trong lịch sử và đương đại / Nguyễn Đình Chiến, Văn Đức Thanh',N'Hòa Bình -- Chiến tranh thế giới',N'527 tr.; 24 cm.',N'Gồm 4 chương: Chương I luận giải những vấn đè lý luận về chiến tranh và hòa bình; Chương II lược kahỏ quá trình nhận thức và giải quyết vấn đề chiến tranh và hòa bình trong lịch sử thế giới và Việt Nam, đút rút kinh nghiệm lịch sử; Chương II phân tích vấn đề chiến tranh và hòa bình trong thế giới đương đại và khái quát những vấn đề đặt ra; Chương IV Khái quát những vấn đề cơ bản về xây dựng quốc phòng VN gắn với những nhận thức, giải quyết vấn đề chiến tranh và hòa bình.',N'D',2016,N'Hà Nội: Chính trị Quốc gia Sự thật',,N'Phòng đọc chuyên ngành A-P (P.402)',Nguyễn Đình Chiến,1
N'Thế giới 5000 năm / Chu Hữu Chí, Khương Thiếu Ba chủ biên; Ngô Văn Tuyển, Thái Hoàng chỉnh lý bổ sung; Nguyễn Quốc Tuấn sưu tầm',N'Thế giới -- Lịch sử',N'852 tr. ; 27 cm.',N'Trình bày những vấn đề lịch sử, chính trị, văn hoá, tôn giáo của thế giới từ thời cổ đại đến hiện đại.',N'D',2000,N'Hà Nội : Văn hoá Thông tin',,N'Phòng đọc chuyên ngành A-P (P.402)',Chu Hữu Chí, Khương Thiếu Ba,1
N'Nước Pháp và những trải nghiệm / Nguyễn Minh Nguyệt',N'Pháp',N'151 tr.; 21 cm.',N'Tập hợp những kinh nghiệm của cá nhân và tập thể, những câu chuyện riêng, chung về cuộc sống thường ngày trên đất Pháp',N'D',2012,N'Hà Nội : Lao động',,N'Phòng đọc chuyên ngành A-P (P.402)',Nguyễn Minh Nguyệt,5
N'Tôn Đức Thắng : Tiểu sử',N'Tôn Đức Thắng',N'255 tr.; 21 cm.',N'Chương trình viết tiểu sử các đồng chí lãnh đạo của Đảng và nhà nước - Thời niên thiếu và những hoạt động yêu nước đầu tiên của Tôn Đức Thắng, những cống hiến to lớn đối với cách mạng Việt Nam và thế giới.',N'D',2007,N'Hà Nội : Chính trị Quốc gia',,N'Phòng mượn sách tham khảo (P.102)',Unknown,2
N'Ancient Greece / by Kate Scarborough.',N'Hy Lạp -- Lịch sử',N'46 p. : col. ill., col. maps; 28 cm. ; in folder ([4] p. : col. ill. ; 29 cm.)',N'Folder contains a turn-and-learn wheel of famous Greeks and famous Greek art and architecture.',N'D',2008,N'London ; New York : Dk Publishing',,N'Phòng đọc chuyên ngành A-P (P.402)',Scarborough Kate,1
N'Lịch sử Hoa Kỳ giai đoạn lập quốc đến thế kỷ XIX / Nguyễn Thái Yên Hương',N'Lịch sử -- Hoa Kỳ',N'207 tr.; 24 cm.',N'Sách gồm 5 chương được trình bày theo từng giai đoạn lịch sử từ thời kỳ trước khi có phát kiến địa lý của Christopher Columbus(1492) đến thập niên cuối của thế kỷ XIX. Chuyến đi phát kiến của Columbus đã đánh dấu một giai đoạn lịch sử mới trong lịch sử thế giới, vì kể từ thời điểm này, quá trình di dân và đặt cơ sở ban đầu cho sự hình thành Hợp chúng quốc Hoa Kỳ bắt đầu. Giai đoạn cuối thế kỷ XIX là thời kỳ chấm dứt việc tái thiết của nước Mỹ sau Nội chiến, Mỹ trở thành một quốc gia được thế giới ghi nhận và bắt đầu tham gia vào hệ thống chính trị quốc tế.',N'E',2015,N'H.: Giáo dục Việt Nam',,N'Phòng đọc chuyên ngành A-P (P.402)',Nguyễn Thái Yên Hương,1
N'Những chân trời Mỹ : Vòng quanh 50 tiểu bang Hoa Kỳ: mắt thấy tai nghe',N'Lịch sử -- Mỹ',N'735 tr.; 22 cm.',N'Trình bày những khám phá của Vũ Văn Dzi về các bang ở Mỹ: lịch sử, tập quán địa điểm, tổ chức y tế, giáo dục sinh hoạt cộng đồng của người Việt ở các bang.',N'E',2008,N'Hà Nội : Thế Giới',,N'Phòng đọc chuyên ngành A-P (P.402)',Vũ Văn Dzi,3
N'Hợp chủng quốc Hoa Kỳ/ Đào Huy Ngọc chủ biên; Nguyễn Thái Yên Hương, Bùi Thanh Sơn',N'Hoa Kỳ',N'151 tr. ; 19 cm',N'Lịch sử phát triển và địa lí, dân cư trong hợp chủng quốc Hoa Kỳ',N'E',1994,N'Hà Nội: Nhà xuất bản Chính trị quốc gia',,N'Phòng đọc chuyên ngành A-P (P.402)',Đào Huy Ngọc,1
N'Quan hệ Mỹ - Trung trong nửa đầu thế kỷ XXI : Mối quan hệ nước lớn kiểu mới? / Nguyễn Vũ Tùng, Đặng Cẩm Tú',N'Quan hệ -- Thế kỷ XXI -- Mỹ -- Trung Quốc',N'359 tr.; 21 cm.',N'Tóm tắt lịch sử quan hệ Mỹ - Trung Quốc từ thời kỳ Chiến tranh lạnh đến này; Phân tích mối quan hệ này ở các phương diện kinh tế, quấn sự; Phân tích cơ sở hình thành ý tưởng quan hệ nước lớn kiểu mới; Chiều hướng quan hệ Mỹ - Trung',N'E',2017,N'Hà Nội : Chính trị Quốc gia',,N'Phòng đọc chuyên ngành A-P (P.402)',Nguyễn Vũ Tùng,1
N'The American revolution / Hugh F. Rankin',N'Cách mạng -- Mỹ',N'382 tr.; 21 cm.',NULL,N'E',1964,N'New York : G. P. Putnam's Sons',,N'Phòng lưu trữ (P.124)',Rankin Hugh ,1
N'California / John Escott',N'California',N'22 tr. ; 21 cm.',N'Oxford bookworms 2',N'F',2003,N'Oxford : Oxford University Press',,N'Phòng lưu trữ (P.124)',Escott John,1
N'Sống mãi như những cây trắc bách hương gia cảnh của Fidel Castro / Katiuska Blanco ; Người dịch Mạnh Tứ, Hoàng Hiệp',N'Fidel Castro',N'422 tr.; 24 cm.',NULL,N'F',2008,N'Hà Nội : Chính trị Quốc gia',,N'Phòng đọc chuyên ngành A-P (P.402)',Blanco Katiuska,1
N'Venezuela - Nhân quyền và Dân chủ (1999-2009) / Carlos González Irago; Nguyễn Thị Thanh Hằng, Đồng Thị Mai Thương biên dịch, Trần Thị Oanh hiệu đính',N'Chính trị -- Dân chủ -- Quyền con người -- Vênêxuêla',N'308 tr.; 21 cm.',N'Trình bày khuôn khổ Pháp lý của Quan điểm toàn diện và đa văn hóa về Nhân quyền. Quyền cơ bản về an sinh lịch sử phát triển tại Venezuela. Chủ quyền lương thực: thực phẩm - nhân quyền cơ bản đầu tiên về an sinh. Tiến tới quyền an ninh thứ hai: Giáo dục bắt buộc và miễn phí. Tiến tới quyền an sinh thứ ba: Sức khỏe cho người dân',N'F',2014,N'Hà Nội : Thế giới',,N'Phòng đọc chuyên ngành A-P (P.402)',Irago Carlos González,1
N'Latin America / Dr. Paul B. Goodwin, Jr.',N'Châu Mỹ Latinh -- Lịch sử -- Thế kỷ 20',N'xii, 230 p. : ill., maps; 28 cm.',NULL,N'F',2007,N'New York : McGraw-Hill',,N'Phòng mượn sách tham khảo (P.102)',Goodwin,2
N'Business ethics now/ Andrew W. Ghillyer, PhD.',N'Business ethics.',N'xvi, 234 pages ; 28 cm',NULL,N'F',2018,N'New York, NY : McGraw-Hill Education',,N'Phòng đọc chuyên ngành A-P (P.402)',Ghillyer Andrew,1
N'Công nghệ viễn thám trong nghiên cứu hệ thống đảo',N'Viễn thám - Tổng luận - Công nghệ',N'40 tr.; 30 cm',N'Trình bày tư liệu viễn thám trong nghiên cứu đảo, viễn thám quang học đa phổ, hệ thống chụp phim, hệ thống quang điện tử, viễn thám siêu cao tần. Các phương pháp phân tích thông tin, một số ứng dụng đã triển khai ở Việt Nam, nghiên cứu tại Côn Đảo, nghiên cứu tại khu vực quần đảo Trường Sa, một số nghiên cứu của các tác giả trong khu vực.',N'G',2003,N'Hà Nội : Ban Nghiên cứu dự báo chiến lược và quản lý khoa học',,N'Phòng đọc Luận văn - Luận án (P.313)',Nguyễn Đình Dương,1
N'Introduction to geographic information systems',N'Địa lý - Hệ thống thông tin',N'xv, 432 p. : ill., maps; 25 cm. + 1 CD-ROM (4 3/4 in.)',N'Includes bibliographical references and index.',N'G',2006,N'Boston : McGraw-Hill Higher Education',,N'Phòng mượn sách tham khảo (P.102)',Chang Kang-tsung,2
N'GIS trong lâm nghiệp',N'Hệ thống thông tin địa lí - Lâm nghiệp',N'156 tr.; 24 cm',N'Giới thiệu kĩ thuật GIS và các công nghệ khác có liên quan trong việc phân tích dữ liệu địa lí và mô hình không gian để đưa ra quyêt định và các giải pháp sử dụng tài nguyên rừng có hiệu quả và bền vững.',N'G',2011,N'TP Hồ Chí Minh: Nhà xuất bản Nông nghiệp',,N'Phòng đọc chuyên ngành A-P (P.402)',Nguyễn Văn Lợi,1
N'Basic research methods : an entry to social science research',N'Khoa học xã hội - Nghiên cứu',N'1 online resource',N'Includes bibliographical references (pages 213-216) and index.',N'H',2012,N'Los Angeles : SAGE Publications',,N'Phòng đọc chuyên ngành A-P (P.402)',Gerard Guthrie,1
N'Hợp tuyển thơ văn Việt Nam. Tập 5, Quyển 1., Văn học dân tộc ít người.',N'Văn học hiện đại Việt Nam',N'549 tr.; 19 cm.',N'In lần thứ 2 có sửa chữa bổ sung',N'H',1979,N'Hà Nội : Văn học',,N'Phòng mượn sách tham khảo (P.102)',Unknown,1
N'Computational Handbook of Statistics',N'Thống kê',N'361 tr.',N'4th ed.',N'H',1996,N'Massachusetts : Addison-Wesley',,N'Phòng mượn sách tham khảo (P.102)',James L. Bruning,1
N'Chính trị học Việt Nam',N'Chính trị học - Việt Nam',N'406 tr. ; 21 cm.',N'Học viện báo chí và tuyên truyền. Khoa chính trị học',N'J',2009,N'Hà Nội: Chính trị-hành chính',,N'Phòng đọc chuyên ngành A-P (P.402)',Dương Xuân Ngọc,1
N'Tìm hiểu môn học chính trị học : Dưới dạng hỏi và đáp',N'Chính trị học',N'242 tr. ; 20 cm.',N'Trình bày những vấn đề về chính trị học đaị cương, lịch sử tư tưởng chính trị, thể chế chính trị thế giới đương đại, những vấn đề về phương pháp giảng dạy và nghiên cứu chính trị học, nghiên cứu tác phẩm của chủ nghĩa Mac - Lênin về chính trị, nghiên cứu tác phẩm của Hồ Chí Minh về chính trị',N'J',2005,N'Hà Nội : Lý luận Chính trị',,N'Phòng đọc chuyên ngành A-P (P.402)',Dương Xuân Ngọc,5
N'Vấn đề dân chủ và Dân chủ hóa đời sống',N'Dân chủ -- Đời sống',N'110tr.; 20,5 cm.',N'Làm rõ thực chất của dân chủ trong lịch sử nhân loại, nhất là chế độ dân chủ đương đại. Chỉ ra thực chất chế độ dân chủ mà nhân dân ta đang xây dựng , những vấn đề đang đặt ra về lý luận và thực tiễn cần phải giải quyết trong xây dựng chế độ dân chủ xã hội chủ nghĩa ở Việt Nam.',N'J',2015,N'Hà Nội : Lý luận Chính trị',,N'Phòng đọc chuyên ngành A-P (P.402)',Trần Thành,1
N'Giáo trình pháp luật đại cương',N'Pháp luật - Giáo trình',N'327 tr.; 24 cm.',N'Bộ Giáo dục và đào tạo',N'K',2014,N'Hà Nội : Đại học Sư phạm',,N'Phòng đọc chuyên ngành A-P (P.402)', Mai Hồng Quỳ ,10
N'Cẩm nang sở hữu trí tuệ : Chính sách, pháp luật và áp dụng',N'Sở hữu trí tuệ -- Sách tra cứu',N'460 tr.; 30 cm.',N'Khái niệm về sở hữu trí tuệ. Các lĩnh vực bảo hộ sở hữu trí tuệ. Vai trò của sở hữu trí tuệ trong sự phát triển và chương trình hợp tác phát triển của WIPO. Thực thi quyền sở hữu trí tuệ. Các công ước và thoả ước quốc tế về Sở hữu trí tuệ. Quản lý và giảng dạy về sở hữu trí tuệ. Sự phát triển công nghệ và pháp lý trong lĩnh vực sở hữu trí tuệ.',N'K',2005,N'[Hà Nội] : Tổ chức sở hữu trí tuệ thế giới',,N' Phòng đọc chuyên ngành A-P (P.402)',Unknown,10
N'Topic tackler plus to accompany financial accounting',N'Financial accounting',N'1 CD-ROM (4 3/4 in.)',N'5 th ed.',N'L',2007,N'[s.l] : McGraw-Hill',,N'Phòng đọc đa phương tiện (P.0)',Robert Libby,1
N'Minutes of the 4th Steering Committee Meeting',N'Giáo dục -- Hội thảo -- Đông Nam Á',N'74 tr. ; 30 cm.',N'AUN/SEED-Net -National University of Laos. Lao P. D. R. November 22, 2002',N'L',2002,N'Bangkok : Chulalongkorn University',,N' Phòng đọc chuyên ngành A-P (P.402)',Unknown,1
N'Vietnam education and training directory',N'Giáo dục -- Niên giám -- Việt Nam',N'291 tr.; 22 cm.',N'National education system of Viet Nam, current status of Viet Nam education, strategy for education and traning development to the year 2020.',N'L',2000,N'Hà Nội : Education publishing house',,N' Phòng đọc chuyên ngành A-P (P.402)',Ngô Trần Ái,2
N'Nhạc Giao Hưởng Việt Nam một tiến trình lịch sử ',N'Nhạc giao hưởng - Tiến trình - Lịch sử - Việt Nam',N'256tr. ; 21 cm.',N'Đề cập đến những vấn đề và sự tồn tại của dòng nhạc giao hưởng Việt Nam',N'M',2012,N'Hà Nội: Âm Nhac',,N' Phòng đọc chuyên ngành A-P (P.402)',Nguyễn Thế Tuân,1
N'Hát dân ca: Trung cấp âm nhạc ',N'Dân ca',N'200 tr.; 27 cm',N'Bộ văn hóa thể thao và du lịch, Nhạc viện TP.Hồ Chí Minh',N'M',2008,N'TP. Hồ Chí Minh: Nhà xuất bản Âm nhạc',,N'Phòng đọc chuyên ngành A-P (P.402)',Nguyễn Thị Mỹ Liêm,1
N'The enjoyment of music : an introduction to perceptive listening',N'Âm nhạc',N'xxx, 516 p. : ill. (some col.); 28 cm. + 1 CD-ROM (4 3/4 in.)',N'9th ed., shorter.',N'M',2003,N'New York : W.W. Norton',,N'Phòng đọc chuyên ngành A-P (P.402)',Joseph Machlis,1
N'Mỹ học : Cơ bản và nâng cao',N'Mỹ học',N'839 tr. ; 21 cm.',N'Dịch từ nguyên bản tiếng Nga của nhà xuất bản đại học Maxcơva',N'N',2001,N'Hà Nội : Văn hoá thông tin',,N'Phòng đọc chuyên ngành A-P (P.402)',M. F. ốp-xi-an-nhi-cốp,2
N'Hình tượng thực vật trong nghệ thuật tạo hình của người Việt',N'Hình tượng thực vật - Nghệ thuật tạo hình - Việt Nam',N'365 tr.; 24 cm.',N'Khái lược về hình tượng thực vật ở Việt Nam và một số nước Đông Nam Á . Hình tượng thực vật trong nghệ thuật tạo hình truyền thống của người Việt và trong mỹ thuật Việt Nam hiện đại.',N'N',2013,N'Hà Nội : Thời đại',,N'Phòng đọc chuyên ngành A-P (P.402)',Triệu Thế Hùng,2
N'Kiến trúc Thăng Long - Hà Nội',N'Kiến trúc -- Lịch sử -- Hà Nội',N'368 tr. ; 24 cm.',N'Cuốn sách khắc họa bức tranh kiến trúc Thăng Long Hà Nội, hiểu được quá trình hình thành diện mạo kiến trúc Thăng Long từ những tụ cư bên sông Hồng tới Đại La...',N'N',2019,N'Hà Nội: Hà Nội',,N'Phòng mượn sách tham khảo (P.102)',Lê Văn Lân,1
N'Art fundamentals : theory and practice',N'Nghệ thuật -- Kỹ thuật',N'xiv, 354 p. : ill. (some col.); 28 cm. + 1 CD-ROM (4 3/4)',N'Includes bibliographical references (p. 343-344) and index.',N'N',2006,N'Boston : McGraw-Hill',,N'Phòng đọc chuyên ngành A-P (P.402)',Ocvirk, Otto G.,1
N'Ngữ dụng học',N'Ngôn ngữ học',N'110 tr.; 21 cm.',N'Gồm 5 nội dung chính: Chiếu vật, Hành động ngôn ngữ, Lập luận, Hội thoại, Y nghĩa tường minh và ý nghĩa hàm ẩn.',N'P',2011,N'Hà Nội: Giáo dục',,N'Phòng đọc chuyên ngành A-P (P.402)',Đỗ Việt Hùng,2
N'Vocabulary in language teaching',N'Ngôn ngữ - Từ vựng - Giảng dạy',N'xv, 224 p.; 24 cm.',N'Includes bibliographical references (p. 201-221) and index.',N'P',2000,N'Cambridge ; New York : Cambridge University Press',,N'Phòng đọc chuyên ngành A-P (P.402)',Norbert Schmitt,1
N'Thiếu nữ đeo hoa tai ngọc trai',N'Tiểu thuyết - Mỹ',N'346 tr.; 21cm',N'Dịch từ nguyên bản tiếng Anh: Girl with a pearl earring',N'P',2008,N'Hà Nội: Văn học',,N'Phòng đọc chuyên ngành A-P (P.402)',Tracy Chevalier,2
N'Culture bound : bridging the cultural gap in language teaching',N'Văn hoá',N'xi, 222 p. : ill.; 24 cm.',N'Includes index.',N'P',1986,N'Cambridge [Cambridgeshire] ; New York : Cambridge University Press',,N'Phòng đọc chuyên ngành A-P (P.402)',Joyce Merrill Valdes,1
N'Từ điển giải thích thuật ngữ ngôn ngữ học',N'Ngôn ngữ học - Từ điển - Thuật ngữ',N'499 tr. ; 21 cm.',N'Tái bản lần thứ 3',N'P',2001,N'Hà Nội : Giáo dục',,N'Phòng đọc chuyên ngành A-P (P.402)',Nguyễn Như Ý,2
N'Toán học : Thông báo kết quả nghiên cứu tại hội nghị khoa học viện toán lần thứ IV (18-19-6-1975)',N'Toán học',N'163 tr.; 27 cm',NULL,N'QA',1976,N'Hà Nội : Viện Toán học',,N' Phòng lưu trữ (P.211)',Viện Toán học,1
N'Một số hệ tính trong logic mệnh đề',N'Hệ tính toán/Logic mệnh đề',N'88 tr',N'Giới thiệu cách xác định cú pháp và ngữ nghĩa của logíc mệnh đề, một số dạng chuẩn cơ bản, hệ tính cơ bản của logic mệnh đề và áp dụng các hệ thức lượng trong tam giác.',N'QA',2004,N'Hà Nội : Trường ĐHBK Hà Nội',,N'Phòng đọc Luận văn - Luận án (P.313)',Ngô Thị Lan,1
N'Đại cương logic toán',N'Toán logic',N'135 tr.; 22 cm',N'Trình bày tổng quát lý thuyết logic toán, logic vị từ : Các định lý, định luật, các phép biến đổi, tiên đề và tính toán trong logic toán.',N'QA',1971,N'Hà Nội : Khoa học và kỹ thuật',,N'Phòng lưu trữ (P.211)',P. X. Nôvikôpn,1
N'Toán học trong thế giới ngày nay. Tập 2',N'Toán học',N'127 tr.; 21 cm',NULL,N'QA',1977,N'Hà Nội : Khoa học và kỹ thuật',,N'Phòng mượn sách tham khảo (P.102)',Đoàn Trịnh Ninh, Trần Chí Đức.,1
N'Những con đường đến với các vì sao',N'Thiên văn học',N'156 tr. ; 24 cm',NULL,N'QB',2003,N'Hà Nội : Khoa học và kỹ thuật',,N'Phòng đọc chuyên ngành Q-S (P.411)',Nguyễn Văn Đạo,2
N'Discovering the Universe',N'Thiên văn học/Vũ trụ học',N'435 tr. ; 30 cm',N'4th ed,N'QB',1996,N'New York : W. Hà Nội Freeman and Company',,N'Phòng đọc chuyên ngành Q-S (P.411)',William J. Kaufmann III, Neil F. Comins,1
N'Kho tàng tri thức nhân loại : Thiên văn',N'Thiên văn học',N'995 tr.; 24 cm',NULL,N'QB',2006,N'Hà Nội : Giáo dục',,N'Phòng đọc chuyên ngành Q-S (P.411)',Nguyễn Việt Long,1
N'Từ điển Bách khoa Thiên văn học',N'Thiên văn học -- Từ điển',N'429 tr. ; 24 cm',NULL,N'QB',1999,N'Hà Nội : Khoa học và kỹ thuật',,N'Phòng đọc chuyên ngành Q-S (P.411)',Phạm Viết Trinh ,5
N'Astronomy : journey to the cosmic frontier',N'Astronomy/Thiên văn học',N'1 v. (various pagings) : ill. (some col.), col. maps; 29 cm',N'Includes special glasses in pocket for viewing stereoscopic drawings',N'QB',1995,N'St. Louis : Mosby',,N'Phòng đọc chuyên ngành Q-S (P.411)',John D. Fix,2
N'Sự tiến triển của Vật lý học',N'	Vật lý học -- Sự tiến triển',N'299 tr. ; 21 cm,N'Trình bày sự tiến triển của tư tưởng vật lý qua các thuyết: thuyết trường và thuyết tương đối, thuyết tương đối và cơ học, thuyết lượng tử',N'QC',2005,N'Hà Nội : Khoa học và kỹ thuật',,N'Phòng đọc chuyên ngành Q-S (P.411)',Albert Einstein, Leopold Infeld,5
N'Hội nghị khoa học lần thứ 20 : Kỷ niệm 50 năm thành lập trường Đại học Bách khoa Hà Nội 1956 - 2006',N'Vật lý kỹ thuật -- Báo cáo khoa học',N'452 tr.; 30 cm',N'Kỷ niệm 50 năm thành lập trường ĐHBK Hà Nội 1956 - 2006. Phân ban Vật lý kỹ thuật',N'QC',2006,N'Hà Nội : Bách khoa Hà Nội',,N'Phòng đọc chuyên ngành Q-S (P.411)',Bộ Giáo dục và đào tạo. Trường Đại học Bách khoa Hà Nội.,4
N'Thế giới khoa học hoá học',N'Hóa học',N'424 tr. ; 21 cm',N'Dịch từ Mười vạn câu hỏi vì sao?, phần Hóa học',N'QD',2003,N'Hà Nội : Văn hoá thông tin',,N'Phòng đọc chuyên ngành Q-S (P.411)',Dương Đức Nhiệm, Nguyễn Viết Chi, Nguyễn Kiều Liên,2
N'Equilibrium concepts in natural water systems : a symposium',N'Nước -- Phân tích -- Cấu tạo',N'viii, 344 p. : illus.; 24 cm',N'Sponsored by the Division of Water, Air, and Waste Chemistry at the 151st meeting of the American Chemical Society, Pittsburgh, Pa. March 23-24, 1966.',N'QD',1967,N'Washington, : American Chemical Society',,N' Phòng lưu trữ (P.124)',Werner Stumm,1
N'Earth : portrait of a planet',N'Địa chất học',N'xvi, 735 p. : col. ill.; 28 cm. + 1 computer optical disc (4 3/4 in.)',NULL,N'QE',2001,N'New York : Norton',,N'Phòng đọc chuyên ngành Q-S (P.411)',Stephen Marshak, Donald Prothero,3
N'Essentials of geology',N'Địa chất học',N'1 v. (various pagings) : ill. (some col.), maps (some col.); 28 cm. + 1 CD-ROM (4 3/4 in.)',NULL,N'QE',2004,N'New York : W.W. Norton',,N' Phòng đọc chuyên ngành Q-S (P.411)',Stephen Marshak,1
N'Bảo tồn rừng tràm và đất than bùn vùng U Minh Hạ - Cà Mau',N'bảo tồn -- rừng x đất than bùn -- U Minh Hạ - Cà Mau',N'178 tr. : 27 cm',N'Trình bày kết quả nghiên cứu về đặc tính lý hóa học đất, nước; sự phát triển rừng trên đất than bùn; phương pháp đánh giá nhanh sự sinh trưởng và sinh khối của rừng Tràm; Các chế độ ngập nước ảnh hưởng đến sự phát triển của rừng Tràm',N'QH',2009,N'TP.Hồ Chí Minh; Nông nghiệp',,N'Phòng đọc chuyên ngành Q-S (P.411)',Võ Thị Gương,1
N'Lịh sử tự nhiên của Việt nam',N'Tự nhiên -- Lịch sử -- Việt nam',N'460 tr.; 24 cm',NULL,N'QH',2007,N'Macarthur. : Yale University press New Haven and London',,N' Phòng mượn sách tham khảo (P.102)',Eleanor Jane Sterling, Martha Maud Hurley, Lê Đức Minh,1
N'Thực vật: Mười vạn câu hỏi vì sao, tri thức thế kỉ 21: Bộ mới',N'Thực vật',N'430 tr. ; 21 cm',N'Cuốn sách chứa đựng một khối lượng kiến thức khoa học đồ sộ thuộc hầu hết các lĩnh vực khoa học tự nhiên và xã hội lại được trình bày với một văn phong dễ hiểu, sinh động. Mười vạn câu hỏi vì sao được coi là bộ sách tham khảo bổ trợ kiến thức rất bổ ích.',N'QK',2010,N'Hà Nội : Giáo dục',,N'Phòng đọc chuyên ngành Q-S (P.411)',Lê Thanh Hương,1
N'Introductory plant biology',N'Thực vật học',N'xv, 589 p. : ill. (some col.); 29 cm',NULL,N'QK',2000,N'Boston, Mass',,N'Phòng đọc chuyên ngành Q-S (P.411)',Kingsley R. Stern,2
N'Giáo trình động vật học',N'Động vật học',N'283 tr.; 27 cm',N'Giới thiệu về các loại động vật đơn bào, đa bào, từ cận đa bào đến động vật chưa có thể xoang, động vật nguyên khẩu, động vật hậu khẩu.',N'QL',2013,N'Hà Nội : Giáo dục',,N'Phòng đọc chuyên ngành Q-S (P.411)',Thái Trần Bái,3
N'Động vật: Mười vạn câu hỏi vì sao, tri thức thế kỉ 21: Bộ mới',N'Động vật',N'430 tr. ; 21 cm',N'Cuốn sách chứa đựng một khối lượng kiến thức khoa học đồ sộ thuộc hầu hết các lĩnh vực khoa học tự nhiên và xã hội lại được trình bày với một văn phong dễ hiểu, sinh động. Mười vạn câu hỏi vì sao được coi là bộ sách tham khảo bổ trợ kiến thức rất bổ ích.',N'QL',2010,N'Hà Nội : Giáo dục',,N'Phòng đọc chuyên ngành Q-S (P.411)',Nguyễn Văn Mậu ,1
N'Human anatomy',N'Giải phẫu người',N'xxvii, 771, [46] p. : ill. (chiefly col.); 29 cm',NULL,N'QM',2008,N'Boston : McGraw-Hill',,N'Phòng mượn sách tham khảo (P.102)',Kenneth S. Saladin,2
N'Human biology : concepts and current issues',N'Sinh học người',N'xxv111, 561, 24, 3 p. : col. ill.; 28 cm',NULL,N'QP',2010,N'San Francisco : Benjamin Cummings',,N'Phòng đọc chuyên ngành Q-S (P.411)',Michael D. Johnson,1
N'Fundamentals of microbiology',N'Vi trùng học',N'xxix, 960 p., [8] p. of plates : ill. (some col.); 25 cm',NULL,N'QR',1991,N'Redwood City, Calif. : Benjamin/Cummings Pub. Co.',,N'Phòng lưu trữ (P.124)', I. Edward Alcamo,2
N'Giáo trình vi sinh vật học môi trường',N'Vi sinh vật học',N'137 tr. ; 24 cm',N'Giới thiệu khái quát về vi sinh vật môi trường, vi sinh vật trong không khí, đất, nước biển và đại dương',N'QR',2012,N'Cần Thơ: Nhà xuất bản Đại học Cần Thơ',,N'Phòng đọc chuyên ngành Q-S (P.411)',Nguyễn Hữu Hiệp, Cao Ngọc Điệp ,1
N'Từ điển cơ bản thuật ngữ kỹ thuật xây dựng Việt - Anh',N'Tiếng Anh -- Từ điển -- Xây dựng' ,N'207 tr. ; 19 cm.',NULL,N'TA',1994,N'Hà Nội : Khoa học và kỹ thuật',,N'Phòng đọc chuyên ngành T-TJ (P.419)',Đoàn Định Kiến,1
N'Từ điển kỹ thuật tổng hợp Anh - Việt',N'Tiếng Anh -- Kỹ thuật -- Từ điển',N'1296 tr. ; 26 cm',NULL,N'TA',2000,N'Hà Nội : Thanh niên',,N'Phòng đọc chuyên ngành T-TJ (P.419)',Nguyễn Hạnh,2
N'Tuyển tập báo cáo hội thảo khoa học quốc tế ứng dụng công nghệ mới trong thiết kế, thi công và vận hành công trình thuỷ lợi',N'Công trình thuỷ lợi -- Thiết kế -- Thi công -- Vận hành',N'139 tr.; 29 cm',N'Tổ chức tại Trường Đại học Thuỷ lợi : 14 tháng 7 năm 2001',N'TC',2001,N'Hà Nội : K.nxb',,N'Phòng mượn Giáo trình (P.111)',Unknown,1
N'Tuyển tập Hội nghị Khoa học thường niên năm 2015',N'Khoa học công nghệ -- Tuyển tập',N'418 tr.; 24 cm',N'Tuyển tập các bài báo cáo khoa học về các lĩnh vực: Khoa học công nghệ, công trình, công nghệ thông tin, khoa học xã hội, kinh tế...',N'TC',2015,N'Hà Nội: Xây dựng',,N'Phòng đọc chuyên ngành T-TJ (P.419)',Nguyễn Quang Kim,1
N'Hồ sơ đăng ký xét công nhận đạt tiêu chuẩn chức danh Phó Giáo sư',N'Kĩ thuật môi trường -- Hồ sơ',N'535 tr.; 30 cm',N'Đăng ký xét tại Hội đồng Chức danh giáo sư cơ sở: Trường Đại học Bách Khoa TPHCM. Ngành: Xây dựng - Kiến trúc. Chuyên ngành: Kỹ thuật môi trường',N'TD',2013,NULL,,N'Phòng mượn sách tham khảo (P.102)',Bùi Xuân Thành,1
N'Thống kê và xử lý dữ liệu môi trường',N'Môi trường -- Thống kế -- Xử lý dữ liệu',N'307 tr.; 24 cm',N'Giới thiệu cho người học những kiến thức cơ bản về thống kê môi trường, trang bị các phương pháp xử lý số liệu cần thiết trong nghiên cứu môi trường và tài nguyên, hướng dẫn minh họa sử lý trong phần mền Minitab',N'TD',2012,N'TP.HCM.: Đại học Quốc gia thành phố Hồ Chí Minh',,N'Phòng đọc chuyên ngành T-TJ (P.419)',Chế Đình Lý,1
N'Tính toán thiết kế mặt đường sân bay và đường ô tô',N'Đường sân bay -- Tính toán thiết kế',N'236 tr.; 24 cm',N'Giới thiệu các phương pháp tính toán thiết kế và đánh giá khả năng của mặt đường đểtính toán hết cấu mặt đường một lớp và nhiều lớp',N'TE',2007,N'H.: Xây dựng',,N'Phòng đọc chuyên ngành T-TJ (P.419)',Phạm Cao Thăng,1
N'Sử dụng phần mềm autodesk-softdesk trong thiết kế đường ô tô',N'Phần mềm -- Thiết kế -- Đường ô tô',N'379 tr. : 27 cm',N'Trung tâm công nghệ CAD/CAM. Trường Đại học Giao thông vận tải',N'TE',2006,N'Hà Nội; Giao thông vận tải',,N'Phòng đọc chuyên ngành T-TJ (P.419)',N'An Hiệp',1
N'Công trình DEPOT đường sắt đô thị',N'Giao thông đường sắt -- Đô thị',N'171 tr. ; 24 cm',N'Gồm 4 chương: Tổng về đường sắt đô thị; Các yếu tố ảnh hưởng đến việc lựa chọn vị trí, điều kiện xây dựng và khai thác depot; Quy mô các loại hình kết cấu depot; tư vấn về việc lựa chọn thiết kế depot',N'TF',2016,N'Hà Nội : Khoa học và Kỹ thuật',,N'Phòng đọc chuyên ngành T-TJ (P.419)',N'Nguyễn Hữu Thiện',1
N'Hồ sơ đăng ký xét công nhận đạt tiêu chuẩn chức danh Phó Giáo sư. Tập I',N'Đường sắt -- Hồ sơ -- Xây dựng',N'258 tr.; 30 cm',N'Giới thiệu các bài báo, công trình nghiên cứu, sách, các quyết định hướng dẫn học viên... của tác giả về xây dựng đường sắt',N'TF',2012,NULL,,N'Phòng mượn sách tham khảo (P.102)',N'Lê Hải Hà',1
N'Các công nghệ hiện đại trong xây dựng cầu',N'Cầu -- Kĩ thuật xây dựng -- Công nghệ tiên tiến',N'600 tr. ; 21 cm',N'Cuốn sách trình bày tổng quan về các công nghệ hiện đại xây dựng cầu, công nghệ liên tục hóa, cầu bê tông cốt thép nhịp lớn, cầu vòm ống thép nhồi bê tông, cầu thép hiện đại',N'TG',2019,N'Hà Nội : Xây dựng',,N'Phòng đọc chuyên ngành T-TJ (P.419)',N'Nguyễn Viết Trung',3
N'Ôn tập để thi và bảo vệ đồ án xây dựng cầu',N'Xây dựng -- cầu',N'452 tr. ; 27 cm',N'Giới thiệu các câu hỏi và bài tập về ngành cầu đường, chỉ dẫn thi công cho các cán bộ, kĩ sư hoạt động trong lĩnh vực xây dựng công trình cầu',N'TG',2015,N'Hà Nội: Nhà xuất bản xây dựng',,N'Phòng đọc chuyên ngành T-TJ (P.419)',N'Nguyễn Minh Thoan',1
N'Giáo trình kỹ thuật thi công. Tập 2',N'Kĩ thuật thi công -- Giáo trình',N'220 tr.; 27 cm',N'Nội dung gồm hai phần chính về kỹ thuật thi công lắp ghép và công tác xây và hoàn thiện công trình...với những thông tin chọn lọc thận trọng, không bị hoang mang với tốc độ hiện đại hóa',N'TH',2013,N'Hà Nội:: Xây dựng',,N'Phòng đọc chuyên ngành T-TJ (P.419)',N'Đỗ Đình Đức Chủ biên',1
N'Hồ sơ đăng ký xét công nhận đạt tiêu chuẩn chức danh Phó Giáo sư. Tập II',N'Xây dựng công nghiệp -- Hồ sơ',N'[Khoảng 200 tr.]; 30 cm',N'Giới thiệu các bài báo khoa đã đăng và các sách đã xuất bản của tác giả về xây dựng dân dụng và công nghiệp',N'TH',2014,NULL,,N'Phòng mượn sách tham khảo (P.102)',N'Bùi Hùng Cường',1
N'Từ điển Anh-Việt cơ khí và công trình : 40000 từ',N'cơ khí -- Từ điển -- Tiếng anh -- Tiếng việt',N'630 tr. ; 21 cm',NULL,N'TJ',2003,N'Đà Nẵng : Nxb. Đà nẵng',,N'Phòng đọc chuyên ngành T-TJ (P.419)',N'Cung Kim Tiến',2
N'Hội thảo Cơ khí trong tiến trình hội nhập kinh tế quốc tế',N'Cơ khí -- Tài liệu hội thảo -- Hội nhập',N'94 tr.; 29 cm',N'	Nêu vấn đề hợp tác quốc tế trong lĩnh vực cơ khí. Những vấn đề chính cần chuẩn bị để tham giam theo lộ trình hội nhập kinh tế quốc tế. Giải pháp, chiến lược phát triển công nghiệp ôtô - xe máy Việt Nam...',N'TJ',2002,N'Hà Nội : [K.nxb]',,N'Phòng đọc chuyên ngành T-TJ (P.419)',Unknown,1
N'Sổ tay thợ điện hiện đại. Tập 2',N'Điện -- Sổ tay -- Công nhân',N'294 tr.; 19 cm',N'Trình bày về đường dây tải điện, điện dung, điện hóa, kỹ thuật chiếu sáng, chuông điện',N'TK',1999,N'Hà Nội : Nxb. Hà Nội',,N'Phòng đọc chuyên ngành TK-Z (P.526)',N'Nguyễn Hữu Thăng',1
N'Từ điển điện và điện tử Anh-Việt',N'Từ Điển -- Điện -- Điện tử -- Tiếng Anh -- Tiếng Việt',N'245 tr.; 20 cm',NULL,N'TK',1994,N'Đồng Tháp : Tổng hợp Đồng Tháp',,N'Phòng đọc chuyên ngành TK-Z (P.526)',N'	Nghiêm Duy',3
N'Giải pháp nâng cao chất lượng dịch vụ kiểm định tại Trung tâm đăng kiểm phương tiện giao thông Nam Định',N'Phương tiện giao thông vận tải -- Luận văn -- Chất lượng -- Kiểm định',N'106 tr.; 30 cm. + 1 CD',N'Trình bày tổng quan về chất lượng và quản lý chất lượng. Phân tích các yếu tố ảnh hưởng tới chất lượng kiểm định tại Trung tâm đăng kiểm phương tiện giao thông Nam Định. Định hướng quan điểm và các giải pháp nâng cao chất lượng kiểm định xe cơ giới ở Trung tâm đăng kiểm phương tiện giao thông Nam Định',N'TL',2012,NULL,,N'Phòng đọc Luận văn - Luận án (P.313)',N'Nguyễn Hữu Tài',1
N'Xây dựng chương trình học tập cho ngành công nghệ ô tô trường Cao đẳng nghề Việt - Đức Vĩnh Phúc ',N'Chương trình học tập -- Luận văn',N'127 tr.; 30 cm. + 1 CD',N'Trình bày một số vấn đề lý luận về giáo dục đào tạo nghề ở các trường cao đẳng nghề. Thực trạng về hoạt động đào tạo nghề tại trường cao đẳng nghề Việt Đức - Vĩnh Phúc. Một số biện pháp ây dựng chương trình học tập cho ngành công nghệ ô tô tại Trường',N'TL',2013,NULL,,N'Phòng đọc Luận văn - Luận án (P.313)',N'Lưu Văn Tuấn Người hướng dẫn khoa học',1
N'Nghiên cứu công nghệ sản xuất oxit vonfram (WO3) kỹ thuật từ tinh quặng vonframit',N'Tinh quặng -- Luận văn -- Sản xuất',N'80 tr.; 30 cm. + 1 CD',N'Tổng quan vonfram kim loại, hợp chất của vonfram kim loại, nguyên liệu sản xuất vonfram. Nghiên cứ mẫu đầu vào, quá trình thiêu phân hủy tinh quặng bằng xoda, nghiên cứu quá trình hòa tách thiêu phẩm, làm sạch dung dịch natri vonframat...',N'TN',2014,N'Bách Khoa Hà Nội',,N'Phòng đọc Luận văn - Luận án (P.313)',N'	Đinh Quang Hưng',1
N'Nghiên cứu xử lý quặng sắt nâu chất lượng thấp bằng phương pháp thiêu',N'Quặng sắt -- Luận văn -- Xử lý -- Thiêu -- Lào Cai',N'66 tr.; 30 cm. + 1 CD',N'Tổng quan về công nghệ tuyển quặng sắt nâu trên thế giới và Việt Nam. Cơ sở lý thuyết thiêu từ hóa. Chuẩn bị mẫu, xác định thành phần vật chất mẫu và thí nghiệm tuyển trọng lực quặng sắt Làng Vinh - Làng Cọ. Nghiên cứu phương pháp thiêu từ hóa mẫu quặng sắt mỏ Làng Vinh - Làng Cọ',N'TN',2016,N'Bách Khoa Hà Nội',,N'Phòng đọc Luận văn - Luận án (P.313)',N'Lâm Văn Đông',1
N'Encyclopedia of Chemical Technology. Vol.1, A to anthrimides',N'Công nghệ hoá học - Tiếng Anh - Từ Điển',N'984 tr.; 27 cm',NULL,N'TP',1947,N'New York : The interscience encyclopedia',,N'Phòng đọc chuyên ngành TK-Z (P.526)',Unknown,1
N'Ullmann's Encyclopedia of Industrial Chemistry : Index to Volumes A1 to A24, B1 to B4',N'Bách khoa toàn thư',N'592 tr.; 25 cm',NULL,N'TP',1994,N'Weinheim : VCH',,N'Phòng đọc chuyên ngành TK-Z (P.526)',N'Gerhartz Wolfgang Biên tập',1
N'Hồ sơ đăng ký xét công nhận đạt tiêu chuẩn chức danh Phó Giáo sư. Tập II',N'Nông học -- Hồ sơ',N'193 tr.; 30 cm',N'Giới thiệu các bài báo, công trình nghiên cứu của tác giả về Nông học',N'TR',2015,NULL,,N'Phòng mượn sách tham khảo (P.102)',Trần Thị Minh Hằng,1
N'Công tác nhiếp ảnh : Cách thực hành, khía cạnh thẩm mỹ, các ứng dụng hiện đại',N'Nhiếp ảnh -- Lịch sử phát triển -- Thực hành',N'414 tr.; 25 cm',N'Lịch sử của ngành nhiếp ảnh, cách làm ảnh, các khía cạnh thẩm mỹ của việc chụp ảnh, các ứng dụng hiện đại của ngành nhiếp ảnh',N'TR',1976,N'[K.đ] : [K.nxb]',,N'Phòng đọc chuyên ngành TK-Z (P.526)',Montel Pierre,2
N'Vận dụng phương pháp mô phỏng vào y học môn kỹ thuật công nghiệp: Mã số: B2001-28-37',N'Giảng dạy -- Kỹ thuật công nghiệp -- Mô phỏng -- Đề tài nghiên cứu khoa học',N'tr. ; 29 cm',N'Trình bày phương pháp mô phỏng và cơ sở lí luận của việc vận dụng phương pháp mô phỏng vào dạy học kỹ thuật công nghiệp ở trung học phổ thông...',N'TS',2002,N'Hà Nội : Trường đại học Bách Khoa Hà Nội',,N'Phòng đọc chuyên ngành TK-Z (P.526)',Lê Thanh Nhu,1
N'Làng nghề phố nghề Thăng Long - Hà Nội trên đường phát triển',N'Làng nghề -- Phát triển -- Việt Nam',N'390 tr.; 24 cm',N'Khái quát những thành tựu, giá trị cơ bản của làng nghề, phố nghề và những nghệ nhân tiêu biểu của đất Thăng Long - Hà Nội. Đề xuất những giải pháp có ý nghĩa thiết thực trong công cuộc bảo tồn và phát triển phố nghề, làng nghề',N'TT',2010,N'Hà Nội : Nxb. Hà Nội',,N'Phòng đọc chuyên ngành TK-Z (P.526)',Bùi Văn Vượng,1
N'Món ăn dân dã',N'Món ăn -- Việt Nam',N'238 tr.; 19 cm.',NULL,N'TX',2001,N'Hà Nội : Phụ nữ',,N'Phòng mượn sách tham khảo (P.102)',Đỗ Kim Trung,3
N'Nghiên cứu phương pháp luận agile và đề xuất áp dụng triển khai bệnh án điện tử / Phạm Trung Thành; Người hướng dẫn khoa học: Phùng Văn Ổn',N'Bệnh án -- Luận văn -- Điện tử',N'77 tr.; 30 cm. + 1 CD.',N'Nêu phương pháp luận agile. Hệ thống thông tin bệnh viện và bệnh án điện tử. Mô hình agile triển khai bệnh án điện tử.',N'R',2015,NULL,,N'Phòng đọc Luận văn - Luận án (P.313)',Phạm Trung Thành, Phùng Văn Ổn,1
N'Essentials of medical language',N'Y học -- Thuốc',N'xxv, 2-593, [118] p. : col. ill.; 28 cm.,NULL,N'R',2010,N'New York : McGraw-Hill Higher Education, 2010.',,N'Phòng đọc chuyên ngành Q-S (P.411)',Allan, David, Lockyer, Karen,1
N'Kết hợp đông - Tây y chữa một số bệnh khó. Phần 1 ',N'Đông y -- Chữa bệnh',N'485 tr.; 24 cm.',NULL,N'R',2002,N'Hà Nội : Y học',,N' Phòng mượn sách tham khảo (P.102)',Bành Văn Khìu,2
N'Đặng Văn Ngữ một trí tuệ Việt Nam',NULL,N'485 tr.; 24 cm.',N'Cuốn sách là những trang sống động thể hiện tình cảm yêu quý, kính trọng, cảm phục của bạn bè, đồng chí, học trò,... cùng công tác với ông hoặc được ông tận tình dạy bảo.',N'R',2014,N'Hà Nội : Chính trị Quốc gia - Sự thật',, N'Phòng đọc chuyên ngành Q-S (P.411)',Nguyễn Đức Hinh,1
N'Hồ Đắc Di - Nhà y học - triết nhân',N'Y học -- Việt Nam',N'521 tr.; 24 cm.',N'Giới thiệu cuộc đời và sự nghiệp của Giáo sư Hồ Đắc Di. Bao gồm các công trình nghiên cứu, bài viết của Ông về y học, sự phát triển của y học Việt Nam....và nhiều bài viết của các thế hệ đồng nghiệp, bạn bè...về những kỷ niệm, thể hiện tình cảm kính trọng, khâm phục tài năng, đức độ và những đóng góp của Giáo sư.',N'R',2014,N'Hà Nội : Chính trị quốc gia - sự thật',,N' Phòng đọc chuyên ngành Q-S (P.411)',Nguyễn Đức Hinh,1
N'Tin học ứng dụng trong ngành nông nghiệp',N'Nông nghiệp -- Tin học ứng dụng',N'503 tr.; 24 cm.',N'Trình bày về xử lý số liệu trong thống kê sinh học và nông nghiệp; Mô hình và phần mềm tối ưu ứng dụng trong nông nghiệp; Hệ thống thông tin địa lý trong quản lý và đánh giá tài nguyên đất nông nghiệp; Ứng dụng tin học hóa trong tự động hóa quá trình nông nghiệp; Tin sinh học cải thiện di truyền nông nghiệp; Internet và các dịch vụ thông tin nông nghiệp.',N'S',2005,N'Hà Nội : Khoa học và kỹ thuật',,N' Phòng đọc chuyên ngành Q-S (P.411)',Nguyễn Hải Thanh,3
N'Công nghiệp hóa, hiện đại hóa nông nghiệp, nông thôn vấn đề và giải pháp: Sách chuyên khảo',N'Công nghiệp hóa -- Hiện đại hóa -- Nông nghiệp -- Nông thôn -- Vấn đề -- Giải pháp',N'502 tr. : 21 cm.',N'Một số vấn đề lý luận về công nghiệp hóa, hiện đại hóa nông nghiệp, nông thôn. Chuyển dịch cơ cấu kinh tế và vấn đề đô thị hóa trong quá trình công nghiệp hóa, hiện đại hóa nông nghiệp. Thực trạng công nghiệp hóa, hiện đại hóa nông nghiệp, nông thôn ở nước ta trong thời gian qua. Định hướng và giải pháp cho công nghiệp hóa, hiện đại hóa nông nghiệp, nông thôn ở nước ta trong thời gian tới.',N'S',2012,N'Hà Nội; Chính trị quốc gia',,N' Phòng đọc chuyên ngành Q-S (P.411)',Lê Quốc Lý,1
N'Lương Định Của - Nhà nông học vì dân, vì nước ',N'Lương Định Của- Nông học',N'555 tr.; 24 cm.',N'Phản ánh khái quát cuộc đời, sự nghiệp quang vinh cũng như những cống hiến lớn lao của Bác sĩ Nông học Lương Định Của',N'S',2014,N'Hà Nội : Chính trị Quốc gia',,N' Phòng đọc chuyên ngành Q-S (P.411)',Võ Minh Chiến,1
N'Phương pháp dạy học công nghệ nông nghiệp',N'Nông nghiệp -- Công nghệ -- phương pháp dạy học',N'155 tr.; 24 cm.',N'Giới thiệu lí thuyết về phương pháp dạy học công nghệ nông nghiệp qua phương pháp dạy học công nghệ lớp 7 và lớp 10, đưa ra vị trí, vai trò, mục tiêu, nội dung chương trình và thảo luận đánh giá kiến thức, kĩ năng thái độ, những đổi mới trong kiểm tra, đánh giá và thực hành.',N'S',2011,N'Hà Nội : Khoa học và kỹ thuật',,N' Phòng đọc chuyên ngành Q-S (P.411)',Nguyễn Văn Hồng,3
N'Hệ sinh thái nông nghiệp và môi trường',N'Hệ sinh thái -- Tổng luận -- Nông nghiệp',N'49 tr.; 30 cm.',N'Nghiên cứu những nét chung giữa hệ sinh thái nông nghiệp và môi trường, đánh giá ảnh hưởng của nền nông nghiệp hữu cơ.',N'S',2002,N'Hà Nội : Ban Nghiên cứu dự báo chiến lược và quản lý khoa học',,N' Phòng đọc Luận văn - Luận án (P.313)',Nguyễn Hoàng,1
N'Lịch sử tư tưởng quân sự Việt Nam. Tập 1, Từ thế kỷ III Tr.cn đến thế kỷ XV ',N'Quân sự -- Lịch sử -- Tư tưởng -- Việt Nam',N'503 tr.; 21 cm.',N'Trình bày sự hình thành và phát triển tư tưởng quân sự Việt Nam thời kỳ đầu giữ nước và chống Bắc thuộc (từ thế kỷ III trước cn đền đầu thế kỷ X). Tư tưởng quân sự thời Ngô, Đinh, Tiền Lê, Lý (từ thế kỷ X đến đầu thế kỷ XIII). Tư tưởng quân sự thời Trần (Thế kỷ XIII - XIV ). Tư tưởng quân sự trong chiến tranh chống Minh (Đầu thế kỷ XV)',N'U',2014,N'Hà Nội : Chính trị Quốc gia',,N' Phòng đọc chuyên ngành TK-Z (P.526)',Lê Đình Sỹ,1
N'Lịch sử tư tưởng quân sự Việt Nam. Tập 2, Từ năm 1428 đến năm 1858',N'Quân sự -- Lịch sử -- Tư tưởng -- Việt Nam',N'535 tr.; 21 cm.',N'Trình bày tư tưởng quân sự từ thời Lê Sơ đến thời Nguyễn: Từ năm 1428 đến năm 1527, từ năm 1527 đến năm 1771, từ năm 1771 đến năm 1802, từ năm 1802 đến năm 1858.',N'U',2014,N'Hà Nội : Chính trị Quốc gia',,N' Phòng đọc chuyên ngành TK-Z (P.526)',Nguyễn Huy Thục,1
N'Lịch sử tư tưởng quân sự Việt Nam. Tập 3, Từ năm 1858 đến năm 1945',N'Quân sự -- Lịch sử -- Tư tưởng -- Việt Nam',N'471 tr.; 21 cm.',N'Trình bày tư tưởng quân sự Việt Nam nửa sau thế kỷ XIX (1858-1896), thời kỳ 1897-1930. Tư tưởng quân sự của Đảng trong các thời kỳ 1930-1939; 1939-1945.',N'U',2014,N'Hà Nội : Chính trị Quốc gia',,N' Phòng đọc chuyên ngành TK-Z (P.526)',Lê Văn Thái,1
N'Lịch sử tư tưởng quân sự Việt Nam. Tập 4, Từ năm 1945 đến năm 1975',N'Quân sự -- Lịch sử -- Tư tưởng -- Việt Nam',N'575 tr.; 21 cm.',N'Trình bày tư tưởng quân sự Hồ Chí Minh và tư tưởng quân sự của Đảng Cộng sản Việt Nam qua 30 năm chiến tranh cách mạng và lịch sử các quân binh chủng, các quân khu, quân đoàn, các địa phương, đơn vị...',N'U',2014,N'Hà Nội : Chính trị Quốc gia',,N' Phòng đọc chuyên ngành TK-Z (P.526)',Hồ Khang,1
N'Lịch sử tư tưởng quân sự Việt Nam. Tập 5, Tổng luận ',N'Quân sự -- Lịch sử -- Tư tưởng -- Việt Nam',N'419 tr.; 21 cm.',N'Trình bày tư tưởng quân sự Việt Nam qua các giai đoạn: Tư tưởng khởi nghĩa vũ trang, tư tưởng chiến tranh nhân dân và nghệ thuật quân sự Việt Nam, tư tưởng xây dựng căn cứ địa, hậu phương chiến tranh và tư tưởng quốc phòng, tư tưởng xây dựng lực lượng vũ trang, tư tưởng phát huy sức mạnh đại đoàn kết toàn dân, kết hợp sức mạnh dân tộc với sức mạnh thời đại.',N'U',2014,N'Hà Nội : Chính trị Quốc gia',,N' Phòng đọc chuyên ngành TK-Z (P.526)',Lê Đình Sỹ,1
N'Công trình âu tàu ',N'Âu tàu -- Công trình',N'291 tr; 27 cm.',N'Giới thiệu một về hệ thống sông, các nhà máy thủy điện Việt Nam, sơ đồ tổng quát và xác định các kích thước cơ bản của âu, hệ thống cấp tháo nước âu tàu, tính toán thủy lực âu tàu nội địa, kết cấu buồng âu, kết cấu đầu âu, cửa âu, kênh dẫn và công trình trên kênh, tính toán kết cấu buồng âu, tính toán đầu âu và tính toán thấm, âu biển và công trình nâng tàu.',N'V',2012,N'Hà Nội',,N' Phòng đọc chuyên ngành TK-Z (P.526)',Phạm Văn Giáp, Nguyễn Thượng, Bằng Lê, Thắng Cang,1
N'Đại cương tàu ngầm',N'Tàu ngầm -- Giáo trình',N'161 tr.; 27 cm',N'Những vấn đề chung về tàu ngầm, lý thuyết. Khai thác tàu ngầm và các tính chất của tàu ngầm.',N'V',2014,N'Hà Nội: Nhà xuất bản Quân đội nhân dân',,N' Phòng đọc chuyên ngành TK-Z (P.526)',Học viện Kỹ thuật Quân sự,1
N'Nghiên cứu tính toán công nghệ chế tạo vỏ liều ngư lôi dùng cho hải quân',N'Ngư lôi -- Luận văn -- Ống liều -- Chế tạo',N'93 tr.; 30 cm. + 1 CD.',N'Trình bày tổng quan về công nghệ chế tạo ống liều. Tính toán lý thuyết. Xây dựng tiến trình và quy trình công nghệ. Thiết kế khuôn.',N'V',2011,NULL,,N' Phòng đọc Luận văn - Luận án (P.313)',Phan Quang Phúc,1
N'Hệ thống thông tin hàng hải',N'Hàng Hải -- Hệ thống thông tin',N'199 tr.; 24 cm',N'Hệ thống thông tin cứu nạn và an toàn hàng hải toàn cầu, quy hoạch hệ thống GMDSS, các hệ thống thông tin NON-GMDSS',N'V',2014,N'Hải Phòng: Nhà xuất bản hàng Hải',,N' Phòng đọc chuyên ngành TK-Z (P.526)',Trần Xuân Việt,1
N'Điều động tàu ',N'Tàu biển -- Điều động',N'227 tr.; 27 cm.',N'Trình bày những nội dung chính sau: Tính năng điều động tàu; Các yếu tố ảnh hưởng tới đặc tính điều động tàu; Sử dụng neo trong điều động tàu; Điều động tàu ra vào cầu, phao; Điều động tàu trên biển, trong các tình huống đặc biệt và lai dắt trên biển.',N'V',2010,N'Hà Nội : Khoa học và kỹ thuật',,N' Phòng đọc chuyên ngành TK-Z (P.526)',Nguyễn Viết Thành,2
N'Học đánh máy chữ, máy vi tính bằng phương pháp 10 ngón',N'Đánh máy -- Máy chữ -- Máy vi tính',N'118 tr.; 19 cm.',N'Giới thiệu phương pháp đánh máy chữ, máy vi tính bằng mười ngón, giúp tự học và tập đánh máy chữ, máy vi tính một cách cơ bản.',N'Z',1994,N'Hà Nội : Giáo dục',,N' Phòng đọc chuyên ngành TK-Z (P.526)',Lê Ngọc, Lê Đạt, Nguyễn Đăng Quang,2
N'Keyboarding and applications',N'Electronic data processing -- Keyboarding. Typewriting',N'xx, 86 p. : ill. (some col.); 20 cm.',NULL,N'Z',1993,N'New York : McGraw- Hill',,N' Phòng đọc chuyên ngành TK-Z (P.526)',Judith A Chiri,3
N'Soạn thảo văn bản khoa học bằng kĩ thuật vi tính',N'Máy vi tính- Văn bản khoa học',N'319 tr.; 27 cm.',N'Trình bày các cơ sở kiến thức, một số kĩ thuật vi tính, soạn thảo văn bản khoa học.',N'Z',1997,N'Hà Nội : Giáo dục',,N' Phòng đọc chuyên ngành TK-Z (P.526)',Đặng Văn Giáp,1
N'Trích rút thực thể trong văn bản Tiếng Việt ',N'Văn bản -- Luận văn -- Dữ liệu -- Tiếng việt',N'63 tr.; 30 cm. + 1 CD.',N'Tổng quan về trích rút thực thể. Bài toán trích rút thông tin bất động sản. Thực nghiệm và đánh giá tập dữ liệu, hệ thống trích rút thông tin.',N'Z',2016,NULL,,N' Phòng đọc Luận văn - Luận án (P.313)',Đặng Thị Phương,1
N'Tự học nhanh Winword 6.0 bằng hình ảnh',N'Phần mềm Winword',N'244 tr.; 19 cm.',N'Trình bày những thao tác của tất cả các ứng dụng cần thiết trong Winword: Soạn thảo văn bản, báo cáo thư từ, liên kết với các dữ kiện báo cáo khác trong Winword hay Excel với định dạng như ý.',N'Z',1995,N'Hà Nội : Nxb. Trẻ',,N' Phòng đọc chuyên ngành TK-Z (P.526)',G. J Beatty, D.C Gardner,2